META,CODE,Lt_kod,Lt_namn,KommunKod,KommunNamn,Valdistrikt_namn,Röstberättigade totalt,Röstberättigade utländska medborgarskap,Valdeltagande,Moderaterna,Centerpartiet,Folkpartiet,Kristdemokraterna,Miljöpartiet,Socialdemokraterna,Vänsterpartiet,Sverigedemokraterna,Övriga partier,Block Alliansen,Block Rödgröna,Andel 18-29 år ,Andel 30-49 år,Andel 50-64 år,Andel 65- år,Andel utrikes födda,Andel med eftergymnasial utbildning,Medianinkomst
,05090101,05,Östergötlands läns landsting,0509,Ödeshög,Holaveden,651,31,76,22.2,20.7,2.1,17.5,4.7,22,4.5,3.5,2.9,62.4,31.2,14.7,30.1,30.4,24.7,6.3,20.9,200000
,05090201,05,Östergötlands läns landsting,0509,Ödeshög,Fridtjuv Berg,1299,53,79.6,17.6,10.2,2.6,15,6.9,38.1,3.1,4.4,2.1,45.4,48.1,14.9,26.8,24.9,33.4,7.9,13.3,188000
,05090202,05,Östergötlands läns landsting,0509,Ödeshög,Lysing,1268,35,76.7,17.4,9.1,5.1,16.9,7.4,35.9,2.7,3.2,2.3,48.5,46,14,27.6,25.1,33.3,6.6,15.1,196000
,05090301,05,Östergötlands läns landsting,0509,Ödeshög,Alvastra,1036,21,78.3,28.9,18.7,4,8.8,7.1,23.6,4.3,3.2,1.4,60.4,35,14.3,29.2,33.1,23.4,4.6,21.9,196000
,05120101,05,Östergötlands läns landsting,0512,Ydre,Torpa,753,18,89.5,18.4,21.9,4.6,9.7,5.2,33.4,2.1,4.1,0.5,54.6,40.8,15.3,30.3,28.3,26.2,4.4,22.6,222000
,05120201,05,Östergötlands läns landsting,0512,Ydre,Asby,427,8,84.8,22,26.2,3.9,11.8,6.5,22.3,1.7,4.5,1.1,63.9,30.4,13.3,25.8,28.3,32.6,4.2,17,190000
,05120301,05,Östergötlands läns landsting,0512,Ydre,Sund-Svinhult-Norra Vi,1263,35,83.8,22.3,18.8,4.2,8.6,3,36,2.2,4.3,0.6,53.9,41.3,15.7,23,26.3,35.1,7.8,19.1,205000
,05120401,05,Östergötlands läns landsting,0512,Ydre,Västra Ryd,544,30,84,20.9,20.6,7,13.6,6.6,24,2.5,2.5,2.3,62.1,33.1,14,27.6,32.4,26.1,6.6,20.3,208000
,05130201,05,Östergötlands läns landsting,0513,Kinda,Kisa samhälle,1297,31,75.6,18.3,12.4,3.2,6,3.7,45.9,4.1,4.3,2.1,39.9,53.7,15.2,27.5,22.4,34.9,5.1,16.7,214000
,05130202,05,Östergötlands läns landsting,0513,Kinda,Kisa västra,1293,42,78.7,16.7,18.3,2.9,5.9,3.9,39.7,4.2,5.6,2.7,43.8,47.9,16.7,27.8,22.2,33.3,7.5,13.8,203000
,05130203,05,Östergötlands läns landsting,0513,Kinda,Kisa sydöstra,1307,31,76.4,18.4,18.4,3.9,6.7,5.9,34.1,5.1,5.3,2.3,47.3,45.1,16.3,25.3,26.6,31.8,5.5,16.9,188000
,05130401,05,Östergötlands läns landsting,0513,Kinda,Horn-Hycklinge-Björkfors,1273,29,77.5,18,34.6,1.8,5.6,10,22.9,3.2,2.7,1.2,59.9,36.1,10,22.3,33.3,34.4,4.3,18.9,196000
,05130901,05,Östergötlands läns landsting,0513,Kinda,Rimforsa landsbygd,1562,23,77.6,23.6,18.1,6.8,7.8,7.5,25.6,6.5,2.6,1.5,56.3,39.5,13.5,37.6,28,20.8,3.2,30,231000
,05130902,05,Östergötlands läns landsting,0513,Kinda,Rimforsa samhälle,1025,14,82.6,18,8.5,7.4,9.4,11.2,34.1,6.3,2.9,2.2,43.3,51.6,18.3,32.8,24.1,24.8,3.9,29.3,213000
,05600201,05,Östergötlands läns landsting,0560,Boxholm,Boxholm 2,1499,30,83.1,18.1,6.7,3.7,6.2,2.3,54,4.5,3,1.5,34.7,60.8,12.4,24,28.7,34.9,4.2,14.4,208000
,05600202,05,Östergötlands läns landsting,0560,Boxholm,Boxholm 1,1615,46,82.2,12.6,5.4,2.7,6,3.8,57.7,6,4.1,1.7,26.7,67.5,17,32.9,23.8,26.2,6.1,12.8,216000
,05600401,05,Östergötlands läns landsting,0560,Boxholm,Boxholm 3,1100,11,86.4,18.2,21.2,2.7,9.5,6,33.9,3.7,3.2,1.7,51.5,43.6,15.6,29.7,32.2,22.5,3.2,19.9,219000
,05610101,05,Östergötlands läns landsting,0561,Åtvidaberg,Villahagen,1384,20,88.5,21.8,4.2,4.5,6.3,4.8,51.4,2.9,2.1,2.1,36.8,59.1,13.5,37.3,25.9,23.3,4.2,21.7,246000
,05610102,05,Östergötlands läns landsting,0561,Åtvidaberg,Edberga,1144,21,84.1,27.2,6.7,5.5,5.2,3.8,45,2.9,1.9,1.7,44.7,51.7,12.2,23.8,25.2,38.9,4.6,21.5,200000
,05610103,05,Östergötlands läns landsting,0561,Åtvidaberg,Eksätter,1233,37,78,14.8,5,2.1,2.4,3.5,60.4,5.8,3.9,2.3,24.2,69.6,16,30.3,23.8,29.9,6,10.1,191000
,05610105,05,Östergötlands läns landsting,0561,Åtvidaberg,Djurgården,1125,10,78,18.4,4,3.3,4.4,4.4,55.8,3.2,4.4,2,30.2,63.4,14.7,23.3,21.6,40.4,4.4,13.5,190000
,05610106,05,Östergötlands läns landsting,0561,Åtvidaberg,Nygård,1203,19,83.9,20.7,4.1,4.6,4.7,5,51.5,3.9,2.3,3.1,34.2,60.5,12.8,26.2,26.4,34.7,5.7,15.7,207000
,05610201,05,Östergötlands läns landsting,0561,Åtvidaberg,Grebo-Värna,1249,17,85.1,30.3,9.2,5.6,5.5,4.4,34.5,3.2,4.1,3.3,50.6,42.1,14.1,41.6,26.7,17.7,3.6,26.7,248000
,05610401,05,Östergötlands läns landsting,0561,Åtvidaberg,Björsäter-Yxnerum,735,11,84.9,28.4,13.8,5.5,4,3.5,34.7,3.3,3.2,3.8,51.6,41.5,11,34.4,29.1,25.4,3.5,20.5,219000
,05610601,05,Östergötlands läns landsting,0561,Åtvidaberg,Hannäs,406,6,77.1,14.5,34.7,2.3,3.3,1.7,33.3,2,5.6,2.6,54.8,37,15.5,25.6,32.3,26.6,3.7,8.2,179000
,05610701,05,Östergötlands läns landsting,0561,Åtvidaberg,Gärdserum,580,10,82.2,19.1,17.6,1.3,4.3,4.3,41.9,5.2,3.9,2.4,42.3,51.4,13.1,29,31.2,26.7,4.9,14.5,191000
,05620101,05,Östergötlands läns landsting,0562,Finspång,Centrum,1584,57,76.5,17.4,4.1,4.9,4.7,3.9,46.9,7.7,3.4,7,31,58.6,17.2,25.9,20.8,36.2,12.4,20.1,199000
,05620103,05,Östergötlands läns landsting,0562,Finspång,Svälthagen,1084,41,83.3,20.1,4.3,4.6,2.7,3.4,48.3,4.6,2.4,9.5,31.8,56.3,15,30.6,21.8,32.6,12.3,21.2,228000
,05620105,05,Östergötlands läns landsting,0562,Finspång,Viggestorp,1544,36,87.6,22.6,5.5,5.9,4.6,4,42.2,4.1,2.2,9,38.5,50.2,13.3,33.5,24.1,29.1,9.9,25.6,241000
,05620106,05,Östergötlands läns landsting,0562,Finspång,Östermalm,1575,52,77.6,14.4,3.8,4.5,3.7,5.1,49.1,6.7,3.2,9.5,26.4,60.8,19.5,26.7,23.2,30.5,15,21.2,212000
,05620108,05,Östergötlands läns landsting,0562,Finspång,Storängen,1458,87,71.4,12,2.7,3.2,5,4.3,57,7.3,3.6,5,22.8,68.6,21,25.1,21.7,32.2,18.6,16.6,187000
,05620109,05,Östergötlands läns landsting,0562,Finspång,Grosvad,1420,69,77.4,17.2,2.9,4.2,3.6,5.1,48.8,7,1.8,9.3,28,61,17.3,34.8,23.6,24.4,16.2,20.3,223000
,05620110,05,Östergötlands läns landsting,0562,Finspång,Lotorp,870,14,82.3,19.5,8.1,5,4.7,5.4,39.9,5.3,2.7,9.4,37.3,50.6,14.5,37,28.5,20,5.8,22.6,252000
,05620111,05,Östergötlands läns landsting,0562,Finspång,Hårstorp,1666,51,83.2,20.9,7.9,5.3,4.2,4.4,39.8,5.1,2.8,9.5,38.4,49.3,11.8,32,29.7,26.5,9.2,26.5,238000
,05620113,05,Östergötlands läns landsting,0562,Finspång,Nyhem,1121,52,80.1,13.4,1.7,4.4,4.8,4.1,53.4,5.7,4,8.6,24.3,63.2,18.8,29.3,27.7,24.3,16.1,17.7,216000
,05620201,05,Östergötlands läns landsting,0562,Finspång,Grytgöl,425,6,83.1,21.7,7,3.2,7,2.3,42.6,7.8,3.8,4.6,38.8,52.8,11.8,34.1,25.4,28.7,4.7,14.2,205000
,05620202,05,Östergötlands läns landsting,0562,Finspång,Hällestad,796,12,83.5,16.2,10.4,2.8,8.3,4.3,41,4.7,3.8,8.4,37.7,50.1,11.4,29.5,28.8,30.3,6,15.8,216000
,05620203,05,Östergötlands läns landsting,0562,Finspång,Ljusfallshammar,391,14,86.7,19.5,9.6,4.5,12,2.4,37.1,5.1,3,6.9,45.5,44.6,12.5,27.6,26.3,33.5,8.4,17.8,200000
,05620204,05,Östergötlands läns landsting,0562,Finspång,Sonstorp,693,19,84,17.6,9.9,4,14.8,3.9,37.5,4.9,1.4,6,46.3,46.3,13.6,33.9,25.7,26.8,6.1,18.6,222000
,05620301,05,Östergötlands läns landsting,0562,Finspång,Regna,449,17,78.8,29.4,13.4,3.7,3.7,4.6,24.3,6.6,6.3,8,50.3,35.4,14.7,24.7,29,31.6,6.3,17.3,194000
,05620401,05,Östergötlands läns landsting,0562,Finspång,Hagaryd,437,8,78.3,26.6,8.6,2.8,1.5,4.9,33.9,9.2,2.8,9.8,39.4,48,13.5,25.9,35.5,25.2,5.7,16.4,212000
,05620402,05,Östergötlands läns landsting,0562,Finspång,Rejmyre,842,15,80.3,20.4,3.9,2.7,2.9,3.8,44.5,3.9,4.8,13.1,29.9,52.2,12.6,28.5,28.3,30.6,6.8,12.9,206000
,05620403,05,Östergötlands läns landsting,0562,Finspång,Brenäs,384,12,77.3,30.8,10.6,2.7,2.7,6.8,22.6,7.5,3.4,12.7,46.9,37,10.9,25.8,35.4,27.9,9.1,24.2,211000
,05630101,05,Östergötlands läns landsting,0563,Valdemarsvik,Valdemarsvik 1,1420,33,77.3,19.2,5.6,2,4,3.9,46.1,3.1,3.8,12.4,30.7,53.1,12.7,23.4,24,39.9,6.5,14.4,182000
,05630102,05,Östergötlands läns landsting,0563,Valdemarsvik,Valdemarsvik 2,956,17,81.9,17.4,6.1,3.7,4.5,2.8,46.4,2.8,3.2,13.2,31.7,51.9,15,25,30.8,29.3,7.4,16.5,206000
,05630201,05,Östergötlands läns landsting,0563,Valdemarsvik,Ringarum 1,1105,14,83.8,18.6,19.1,2.5,6.4,4.7,27.3,3.2,5.8,12.4,46.7,35.1,14.2,30.6,29.3,25.9,2.4,16.4,204000
,05630202,05,Östergötlands läns landsting,0563,Valdemarsvik,Ringarum 2,1450,31,80.1,13.1,9.2,3.1,4.6,3.2,49,4.8,4.5,8.6,29.9,56.9,14.8,29.7,28.8,26.8,6.4,12.5,201000
,05630401,05,Östergötlands läns landsting,0563,Valdemarsvik,Gryt,742,12,85.8,35.7,17.6,5.4,4,2.9,20.8,2.1,2.1,9.5,62.7,25.7,9,15.8,34.5,40.7,3.7,26.7,205000
,05630501,05,Östergötlands läns landsting,0563,Valdemarsvik,Tryserum-Östra Ed,727,17,82.5,22.2,27,2.2,7.7,3.9,22.9,3.1,3.9,7.2,59,29.9,12,25.2,32.7,30.1,4.6,18.5,191000
,05800101,05,Östergötlands läns landsting,0580,Linköping,Domkyrko 1 (Nedre Vasastaden V),1499,39,81.1,35.6,5,9.7,5.9,7.9,24.9,4.7,2.9,3.4,56.2,37.6,31.5,25.4,20.7,22.3,8,45.8,229000
,05800102,05,Östergötlands läns landsting,0580,Linköping,Domkyrko 2 (Hunneberg),1332,27,80.3,32.9,4.9,9.7,3.9,13,25.2,5.4,2.3,2.7,51.4,43.6,39.5,29.7,16.5,14.3,7.1,56.5,219000
,05800103,05,Östergötlands läns landsting,0580,Linköping,Domkyrko 3 (Övre Vasastaden Ö),1262,29,80.3,32.9,5.8,9.4,5.5,11.5,22.1,6.7,2.7,3.3,53.7,40.3,48.1,27.8,12.8,11.3,8.9,49,204000
,05800104,05,Östergötlands läns landsting,0580,Linköping,Domkyrko 4 (Övre Vasastaden V),1245,50,75.7,23,2.6,6.4,2.2,11.5,37,8.4,3.4,5.5,34.2,56.9,42.3,30.9,13.6,13.2,18.6,40.4,163000
,05800105,05,Östergötlands läns landsting,0580,Linköping,Domkyrko 5 (Nedre Vasastaden Ö),1432,33,80.2,42.8,4,10.3,5.1,6.8,19.1,5.3,2.9,3.8,62.1,31.2,31.1,23.5,20.3,25.1,10.3,48.5,232000
,05800106,05,Östergötlands läns landsting,0580,Linköping,Domkyrko 6 (Kanberget mfl),1380,33,87.2,38.6,5,9.5,7.4,11.3,20.7,3.8,1.4,2.4,60.5,35.7,28.1,24.9,26.1,20.9,6.5,56.4,251000
,05800107,05,Östergötlands läns landsting,0580,Linköping,Domkyrko 7 (Innerstaden S),1605,38,84.9,40.7,3.7,10.3,5.4,7.1,23,4.3,2.2,3.4,60.1,34.4,23.3,21.5,18.3,36.9,9.4,49.5,231000
,05800108,05,Östergötlands läns landsting,0580,Linköping,Domkyrko 8 (Ekkällan-Stolplyckan),1353,49,79.4,19.5,3.1,6.7,4.6,16.3,31.4,10.1,3.7,4.5,34.1,57.8,32.5,28.6,12.9,26,14.8,43.4,166000
,05800109,05,Östergötlands läns landsting,0580,Linköping,Domkyrko 9 (Gottfridsberg NO),1403,49,79.3,21.9,5.2,8.1,5.2,12.3,31,9.9,2.6,3.7,40.4,53.2,40.1,29.4,14.4,16.2,12.1,48.3,174000
,05800110,05,Östergötlands läns landsting,0580,Linköping,Domkyrko 10 (Gottfridsberg SO),1197,37,81.8,31.8,5.8,8.7,7.5,9.9,26.1,4.6,1.7,4,53.7,40.6,42.9,21.8,13.7,21.6,7.2,49.2,176000
,05800111,05,Östergötlands läns landsting,0580,Linköping,Domkyrko 11 (Fridhem),1244,29,85.7,28.3,6.4,11,5.6,11.3,25.5,5.7,3.1,3.1,51.3,42.5,28.5,29.6,19.5,22.4,7.4,56.7,228000
,05800112,05,Östergötlands läns landsting,0580,Linköping,Domkyrko 12 (Barhäll-Tornhagen),1384,21,88.9,31.6,5.5,9.9,6,9.4,28.7,5.2,1.6,2,53.1,43.3,17,29.8,27.5,25.7,9.3,46,257000
,05800113,05,Östergötlands läns landsting,0580,Linköping,Domkyrko 13 (Åbylund),1356,47,80.3,21.6,3.7,7.1,3.3,9.3,40.8,7.5,3,3.7,35.7,57.6,28.6,29,17.8,24.6,14.6,37,185000
,05800114,05,Östergötlands läns landsting,0580,Linköping,Domkyrko 14 (Valla),1529,38,83.4,35.5,6.5,10.1,6.5,12.9,18.1,4.7,2.5,3.3,58.6,35.6,44,24.4,14.9,16.7,6.1,60.4,174000
,05800115,05,Östergötlands läns landsting,0580,Linköping,Domkyrko 15 (T1 N),1545,48,84.9,30.8,5.6,12.3,6.9,13.4,20.2,5.1,0.9,4.8,55.6,38.7,48.6,28.3,10.9,12.2,11.7,66.2,155000
,05800116,05,Östergötlands läns landsting,0580,Linköping,Domkyrko 16 (T1 S),1398,46,84.8,30.5,5.5,11.7,5,14.4,22.7,5.3,1.5,3.4,52.7,42.4,47.3,31.3,13.6,7.9,11.6,66.3,149000
,05800117,05,Östergötlands läns landsting,0580,Linköping,Domkyrko 17 (Innerstaden N),1302,40,80.3,38.3,3.3,9.6,4.1,10.3,23.5,5.6,2.3,2.9,55.3,39.4,32.7,25.1,20.8,21.4,8.9,50.6,225000
,05800201,05,Östergötlands läns landsting,0580,Linköping,S:t Lars 1 (Innerstaden NO),1408,44,77.9,34.5,3.4,6.9,5.9,10.6,27,6.4,2.4,3,50.6,44,35.4,28.3,21.4,14.9,16.7,43.1,216000
,05800202,05,Östergötlands läns landsting,0580,Linköping,S:t Lars 2 (Innerstaden Ö),1499,26,78.5,40.8,4.4,10.3,6.5,8.7,20.2,4.2,2.3,2.6,62,33.1,28.9,23.3,19.7,28.1,9.6,46.9,229000
,05800203,05,Östergötlands läns landsting,0580,Linköping,S:t Lars 3 (Hejdegården),1475,46,75.8,31.5,5.5,9.7,6.1,10.6,24.9,5,3.7,2.9,52.8,40.6,37.6,30.4,18.4,13.6,9.8,44.6,209000
,05800204,05,Östergötlands läns landsting,0580,Linköping,S:t Lars 4 (Kungsberget V mfl),1417,43,78.3,30.5,4.7,9.2,4.5,8,30.4,5.1,3.8,3.7,48.9,43.6,33.7,26.7,17.3,22.3,9.1,39.2,221000
,05800205,05,Östergötlands läns landsting,0580,Linköping,S:t Lars 5 (Kungsberget-Tannefors N),1454,65,74.8,30.9,3.8,7.1,4.3,8.3,31.1,5.7,4.6,4.1,46.2,45.1,33.3,31.7,19.3,15.7,10.7,33,200000
,05800206,05,Östergötlands läns landsting,0580,Linköping,S:t Lars 6 (Råberga-Tannefors S),1449,58,77.2,29.6,3.4,6.5,7.1,9.5,31.4,6,2.6,3.9,46.6,46.9,23.3,31.5,22,23.1,8.8,34.8,221000
,05800207,05,Östergötlands läns landsting,0580,Linköping,S:t Lars 7 (Innerstaden SO),1458,54,82.4,37,3.6,10.2,5.9,8,25.1,4.5,2.4,3.3,56.7,37.5,27.3,22.2,21.7,28.7,12.1,43.5,228000
,05800301,05,Östergötlands läns landsting,0580,Linköping,Landeryd 1 (Hackefors mfl),1375,11,89.1,42.6,5.1,12.3,6,6.2,20.8,3.3,1.5,2.1,66,30.3,9.7,40.4,24,25.8,4.7,49.5,285000
,05800302,05,Östergötlands läns landsting,0580,Linköping,Landeryd 2 (Ekholmen NO mfl),1410,43,78,24.7,3.1,6.8,5.9,4.8,44.1,4.3,3,3.3,40.5,53.2,14.7,27.6,21.7,36,13.4,26.3,196000
,05800303,05,Östergötlands läns landsting,0580,Linköping,Landeryd 3 (Kvinneby mfl),1304,19,89.9,39.5,3.1,10.1,9.1,4.5,27.3,2.2,2.4,1.7,61.8,34.1,9.4,22.6,22.2,45.9,6.7,39.7,240000
,05800304,05,Östergötlands läns landsting,0580,Linköping,Landeryd 4 (Ekholmen NV),1508,23,83.8,24.7,3,8.6,3.8,6.7,43,3.8,3.9,2.4,40.2,53.5,9.2,27.1,24,39.7,9.4,28.9,227000
,05800305,05,Östergötlands läns landsting,0580,Linköping,Landeryd 5 (Ekholmen SO),1333,15,82.6,18.6,2.1,7.1,4.7,7.5,47.4,5,4.3,3.3,32.5,59.9,13.3,27.5,22.3,36.9,8.2,18,210000
,05800306,05,Östergötlands läns landsting,0580,Linköping,Landeryd 6 (Hjulsbro Mellersta),1206,18,90.4,52.1,3.6,12.2,7.7,2.6,16.6,2.5,1.2,1.5,75.6,21.7,12.3,34.2,27,26.5,5.7,54.4,306000
,05800307,05,Östergötlands läns landsting,0580,Linköping,Landeryd 7 (Ekholmen SV),1346,15,84.4,29.6,3.6,10.7,4.9,6.1,36,4.3,3.1,1.9,48.7,46.4,13.3,33.1,27.4,26.2,8.8,38.7,259000
,05800308,05,Östergötlands läns landsting,0580,Linköping,Landeryd 8 (Ullstämma),1045,17,86.5,31.6,3.3,10.7,5.7,9.7,29.4,3.9,3.8,1.9,51.3,43,19.4,40.4,23.8,16.4,7.8,41.4,261000
,05800309,05,Östergötlands läns landsting,0580,Linköping,Landeryd 9 (Möjetorp-Holmen),612,3,86.3,36.2,4.4,9.5,6,6,28.2,2.9,3.7,3.1,56.1,37.1,15,47.7,18.1,19.1,4.9,40.5,263000
,05800401,05,Östergötlands läns landsting,0580,Linköping,Slaka 1 (Lambohov C),1555,125,80.3,18.8,3.3,8.4,5.6,12,38.7,5.9,3.3,4,36.1,56.6,28.8,39.5,18.6,13.1,26.4,48.3,179000
,05800402,05,Östergötlands läns landsting,0580,Linköping,Slaka 2 (Lambohov Ö),1526,67,84.1,24.7,4.8,9.8,6.5,10.1,33.6,5.6,2,2.9,45.8,49.3,19.6,51,20.9,8.5,21.2,50.2,262000
,05800403,05,Östergötlands läns landsting,0580,Linköping,Slaka 3 (Slaka-Lilla Mjärdevi),1601,70,83.4,29.3,5.5,10.7,7.7,9.5,27.3,4.8,1.7,3.5,53.2,41.6,23.5,42.5,21.5,12.5,14.9,50.2,244000
,05800404,05,Östergötlands läns landsting,0580,Linköping,Slaka 4 (Lambohov S),1542,81,80.7,15.5,3.8,8,8.9,9.7,39.3,8.1,3.4,3.3,36.3,57,21.8,40.5,26.1,11.6,23.5,41.8,221000
,05800501,05,Östergötlands läns landsting,0580,Linköping,Kärna 1 (Malmslätt SO mfl),868,12,82.6,32.1,5.7,8.8,5,6.7,30.9,4.4,4.4,2,51.6,42,13.2,45.3,24.4,17.1,7.6,37.1,252000
,05800502,05,Östergötlands läns landsting,0580,Linköping,Kärna 2 (Malmslätt mellersta),1011,14,89.4,33.3,3.1,7.8,6.1,7.6,32.1,3.8,3.8,2.4,50.3,43.5,12,35,23.9,29.1,6.2,37.9,244000
,05800503,05,Östergötlands läns landsting,0580,Linköping,Kärna 3 (Tokarp),1090,11,91,29.2,3.5,9.5,4,5,42,2.7,2.6,1.6,46.2,49.6,12.4,33,34.3,20.3,7.2,35.1,275000
,05800504,05,Östergötlands läns landsting,0580,Linköping,Kärna 4 (Malmslätt V),1285,12,86.7,22.3,4.6,7.4,4.2,6.5,44.9,4.1,4.3,1.8,38.5,55.4,13.5,38.4,24.9,23.1,6,27.5,239000
,05800601,05,Östergötlands läns landsting,0580,Linköping,Kaga-Ledberg,674,12,88.1,34.3,9.9,9.7,4.7,6.7,24.4,4.8,2.4,3.1,58.5,36,13.6,43.5,26,16.9,4.9,36.8,257000
,05800801,05,Östergötlands läns landsting,0580,Linköping,Vist 1 (Vist-Sturefors S),1276,16,87.8,28.1,5.9,9,7.4,9.1,30.5,5.2,1.9,2.9,50.5,44.7,13.3,42.5,25.6,18.6,3.8,36.5,256000
,05800802,05,Östergötlands läns landsting,0580,Linköping,Vist 2 (Sturefors N),782,8,90.4,29.7,4.3,7.2,5.3,8.1,37.8,3.5,2.2,2,46.5,49.3,10.4,36.7,27.4,25.6,4.2,34.4,267000
,05800901,05,Östergötlands läns landsting,0580,Linköping,Vårdnäs,1696,25,85.1,31.2,13.3,8.1,7.2,9.2,22.2,4.1,3.1,1.6,59.8,35.5,15.6,33.4,30.5,20.5,3.8,36.3,248000
,05801001,05,Östergötlands läns landsting,0580,Linköping,Skeda,963,19,88.2,29.5,14.2,6.5,9.2,7.4,21.6,3.2,4.7,3.7,59.4,32.3,14,44.2,22.6,19.1,3.5,35.7,250000
,05801101,05,Östergötlands läns landsting,0580,Linköping,Nykil-Gammalkil,1504,21,83.4,25.1,15.6,5.4,8.1,7.1,27.1,4.1,4.5,2.9,54.3,38.3,15.9,36.6,28.5,19,2.7,26,235000
,05801201,05,Östergötlands läns landsting,0580,Linköping,Ulrika,313,9,79.6,25.3,12.4,4.1,9.1,5.4,33.2,3.7,4.1,2.5,51,42.3,9.6,29.7,30.4,30.4,4.2,16.1,180000
,05801401,05,Östergötlands läns landsting,0580,Linköping,Sjögestad,552,12,87.7,31.4,9.5,9.3,5.7,5.3,27.6,3.6,3.2,4.6,55.8,36.4,14.5,38.6,29.9,17,7.8,28.7,247000
,05801501,05,Östergötlands läns landsting,0580,Linköping,Västerlösa-Björkeberg,684,6,89.6,31.3,10,5.1,7.6,4.3,28.7,3.6,6.8,2.6,54,36.6,14.2,43.7,25.3,16.8,2.5,25.5,244000
,05801701,05,Östergötlands läns landsting,0580,Linköping,Rappestad (Rappestad-Vikingstad N),1157,8,86.9,31.1,8,9,5.6,5.5,30.4,3.5,5.4,1.6,53.6,39.3,13.4,34.9,27.6,24.1,3.2,29.2,256000
,05801801,05,Östergötlands läns landsting,0580,Linköping,Vikingstad (Vikingstad S),1201,15,86.7,25.9,7.8,8.3,7.1,5.8,33,3.3,5.8,2.9,49.1,42.2,14.5,37.2,25.1,23.2,4.4,29.7,248000
,05801901,05,Östergötlands läns landsting,0580,Linköping,Vreta Kloster 1 Berg-Vreta Kloster S,1367,15,88.4,40.4,8.3,8,7.1,5,23,4,2.4,1.7,63.8,32.1,11.3,41.6,22,25.1,3.7,44,260000
,05801902,05,Östergötlands läns landsting,0580,Linköping,Vreta Kloster 2 Ljungsbro-Vreta Kl N,1476,22,85.9,26.3,5.9,6.6,4.9,7.2,36.2,4.2,6.3,2.5,43.6,47.6,17.8,36.1,24.7,21.5,4.4,32.1,244000
,05801903,05,Östergötlands läns landsting,0580,Linköping,Vreta Kloster 3 (Ljungsbro Ö),1160,25,84.5,32.2,6,8.2,6.3,7.5,28.7,3.5,4.3,3.3,52.8,39.7,14.8,29.7,24.7,30.8,5.9,35.6,245000
,05801904,05,Östergötlands läns landsting,0580,Linköping,Vreta Kloster 4 (Ljungsbro S),1214,7,88.1,25,2.5,8.2,5.8,6.1,42.5,3.5,3.3,3.2,41.5,52.1,14.3,44,25.5,16.2,6.6,31.4,260000
,05801905,05,Östergötlands läns landsting,0580,Linköping,Vreta Kloster 5 (Ljungsbro V),1053,21,83.6,25.2,4.3,9.1,6.3,5.6,40.4,2.7,3.3,3.1,44.9,48.7,14.7,34.3,27.7,23.3,5.7,29.5,244000
,05802001,05,Östergötlands läns landsting,0580,Linköping,Flistad-Ljung,1002,17,84.9,30.6,12,6.9,4.4,7.2,28.7,4.4,3.9,1.8,53.9,40.3,13.2,41.6,27.4,17.8,3.6,35.3,256000
,05802201,05,Östergötlands läns landsting,0580,Linköping,Stjärnorp,591,10,87.3,25,15.4,8.4,8,8.4,26.9,3.2,3.2,1.6,56.7,38.5,13.9,34.5,31.6,20,4.9,32.7,232000
,05802401,05,Östergötlands läns landsting,0580,Linköping,Östra Harg-Rystad 1 Östra Harg-Rysta,706,17,82.7,36.6,10.7,7.5,7,6.1,21.9,3.2,3.5,3.5,61.8,31.2,13.7,42.2,28.9,15.2,5.4,28.9,248000
,05802402,05,Östergötlands läns landsting,0580,Linköping,Rystad 2 (Tallboda V),1052,11,84.3,38,5.1,10,5.5,4.6,28.3,1.5,3.1,3.8,58.7,34.4,15.9,42.7,21.1,20.3,8.4,28.5,245000
,05802403,05,Östergötlands läns landsting,0580,Linköping,Rystad 3 (Tallboda Ö),1319,24,84.5,32.5,5.3,7.3,5.9,5.3,33.6,4.5,3.1,2.5,51,43.4,17.4,48.6,21.2,12.7,11.5,33,264000
,05802404,05,Östergötlands läns landsting,0580,Linköping,Rystad 4 (Ekängen),1189,33,90.2,51.9,5.1,10.8,7.5,4.8,15.1,2,1.3,1.5,75.4,21.8,10.2,68.8,14,7,8.6,63.5,339000
,05802501,05,Östergötlands läns landsting,0580,Linköping,Törnevalla-Ö Skrukeby,1515,15,85.3,33.9,9.8,7.6,8,5.6,24.5,3.1,4.6,3,59.2,33.2,13.3,43.2,21.5,22,4.2,32.1,254000
,05802701,05,Östergötlands läns landsting,0580,Linköping,Lillkyrka-Gistad,513,3,90.1,23.9,18.1,4.7,5.4,6,31.7,4.2,3.1,2.9,52,42,14.2,35.3,29.4,21.1,3.5,24.4,220000
,05802901,05,Östergötlands läns landsting,0580,Linköping,Örtomta-Askeby,1037,16,86.1,26.6,11.1,5.8,15.9,6.7,23.5,4.7,3.5,2,59.5,34.9,15.9,40,25.8,18.2,4.8,34.2,242000
,05803101,05,Östergötlands läns landsting,0580,Linköping,Bankekind,760,10,87.8,26.1,16,6.9,9.8,6.6,25.9,4.4,2.3,2.1,58.7,36.9,16.2,39.6,22.9,21.3,3.8,30.9,243000
,05803201,05,Östergötlands läns landsting,0580,Linköping,Vårdsberg,1397,27,88.5,35.6,9.4,8.4,6,5.3,26.6,3,3.4,2.2,59.5,35,12.5,42.2,26.2,19.1,4.7,38.2,259000
,05803301,05,Östergötlands läns landsting,0580,Linköping,Berga 1 (Ramshäll),1408,82,80.2,34.1,3.6,6.8,6.2,9.4,30.7,3.2,2.8,3.2,50.7,43.2,26.7,26,21.7,25.6,14.3,44.5,191000
,05803302,05,Östergötlands läns landsting,0580,Linköping,Berga 2 (Berga NO),998,168,69.5,9.6,2.3,3.9,2.6,6.1,58.2,8.2,3.8,5.1,18.6,72.5,28.7,29.8,16,25.6,41.4,20.2,120000
,05803303,05,Östergötlands läns landsting,0580,Linköping,Berga 3 (Berga NV),1144,211,70,14,2.7,5.1,4.9,10.2,49.2,6.5,3.8,3.7,26.6,65.9,31.6,31.5,16.9,20.1,43,33.8,121000
,05803304,05,Östergötlands läns landsting,0580,Linköping,Berga 4 (Berga SO),1153,15,88.5,33.8,4.9,12.8,5.9,8.6,26.3,3.1,2.7,2,57.3,38,12.6,31.1,20.6,35.6,8.7,46.9,248000
,05803305,05,Östergötlands läns landsting,0580,Linköping,Berga 5 (Vidingsjö N),1038,9,94.6,41,4.6,15.2,10.3,5.7,17.8,2.2,1.5,1.6,71.1,25.7,8.5,30.3,20.7,40.5,4.7,56.7,280000
,05803306,05,Östergötlands läns landsting,0580,Linköping,Berga 6 (Berga SV),1122,102,78.3,21.4,4.3,5.5,4.5,6.7,43.1,5.8,4.4,4.3,35.7,55.6,20.1,29.9,21.1,28.9,19.2,30.5,186000
,05803307,05,Östergötlands läns landsting,0580,Linköping,Berga 7 (Vidingsjö S),1183,8,87.1,26,3,10,5.5,8.5,35.9,5.2,2.3,3.6,44.5,49.6,7.9,23.8,32.9,35.5,6.2,32.8,239000
,05803308,05,Östergötlands läns landsting,0580,Linköping,Berga 8 (Haninge mfl),1145,28,83.8,21.4,3,7.1,3.7,8.4,41.7,7.1,4.2,3.3,35.3,57.2,20.4,42.9,23.8,12.9,9.7,35,240000
,05803309,05,Östergötlands läns landsting,0580,Linköping,Berga 9 (Garnisonen),1042,28,89.2,38.8,6.2,10.2,6.5,8.6,21.7,3.5,0.7,3.9,61.7,33.8,19.2,38.5,24.7,17.7,8.2,59.7,299000
,05803401,05,Östergötlands läns landsting,0580,Linköping,Johannelund 1 (Vimanshäll),1253,41,85.4,35.4,3.5,11,5.6,8.3,25.2,5.6,2.8,2.6,55.5,39.1,21.5,31.3,26.3,20.9,8.1,47.7,250000
,05803402,05,Östergötlands läns landsting,0580,Linköping,Johannelund 2 (Johannelund NV),1087,69,73.2,18.3,3.4,5.5,3.6,9.9,40.7,8.3,5.3,5,30.8,58.9,34.5,27.1,15.6,22.7,15.2,25,173000
,05803403,05,Östergötlands läns landsting,0580,Linköping,Johannelund 3 (Johannelund NO),1187,28,83.2,20.8,2.1,6,4.4,6.6,48.1,4.6,3.9,3.5,33.2,59.3,15.9,19.5,19.5,45.1,10.5,24.6,201000
,05803404,05,Östergötlands läns landsting,0580,Linköping,Johannelund 4 (Ånestad),1156,17,91.4,36.6,3,11.7,7.3,8.6,25,3.4,1.9,2.4,58.7,37,9.1,35.8,26.1,29,4.7,50,272000
,05803405,05,Östergötlands läns landsting,0580,Linköping,Johannelund 5 (Johannelund SV),995,26,81.5,23.8,3.9,6,5.3,8.3,39,6.5,3.9,3.4,38.9,53.8,22.3,29.6,21.6,26.4,9.4,31.3,222000
,05803406,05,Östergötlands läns landsting,0580,Linköping,Johannelund 6 (Johannelund SO),1437,77,81.1,27.8,3.7,9.4,5.5,7.7,33.4,5.2,4.9,2.4,46.4,46.3,23,33.7,22.6,20.7,13.9,40.3,227000
,05803501,05,Östergötlands läns landsting,0580,Linköping,Skäggetorp 1 (Skäggetorp C),1294,179,66.2,8.5,1.8,4.2,3.8,2.4,64.5,7.2,5.5,2.2,18.2,74,18.5,29,21.6,30.9,50.5,13.3,128000
,05803502,05,Östergötlands läns landsting,0580,Linköping,Skäggetorp 2 (Nygård),1369,194,71.9,10.5,1.8,4.4,4.1,4.6,63.3,5.6,3.2,2.5,20.9,73.5,25.1,30.1,21.5,23.3,56.4,20.3,126000
,05803503,05,Östergötlands läns landsting,0580,Linköping,Skäggetorp 3 (Skäggetorp SV),1310,96,73.7,14,2.6,4,3.6,6.1,50.7,7,7.7,4.4,24.1,63.7,23,29.5,24.2,23.4,28,18.4,167000
,05803504,05,Östergötlands läns landsting,0580,Linköping,Skäggetorp 4 (Skäggetorp V),1224,145,67.1,11.4,3.3,2.3,2,6.9,56.7,7.4,6.8,3.2,19,71,29.6,35.5,20.9,14,31.1,15.1,127000
,05803505,05,Östergötlands läns landsting,0580,Linköping,Skäggetorp 5 (Tornby-Skäggetorp N),1119,149,66.8,12.7,2.3,3.4,2.6,5,56.6,7.8,7.2,2.4,21,69.4,27.3,35.9,21.4,15.3,39.4,17.9,130000
,05803601,05,Östergötlands läns landsting,0580,Linköping,Ryd 1 (Ryd N),1326,74,82.7,33.4,5.2,11.4,5.3,11.8,22.6,5.4,1.4,3.5,55.3,39.7,44.7,18.9,14,22.3,16.8,63,135000
,05803602,05,Östergötlands läns landsting,0580,Linköping,Ryd 2 (Ryd SO),1480,139,73.9,16.2,3.9,7.4,2.8,14.9,38.2,7.6,3.4,5.6,30.3,60.7,54.1,24.3,10.3,11.4,27.7,42.5,65000
,05803603,05,Östergötlands läns landsting,0580,Linköping,Ryd 3 (Ryd SV),1216,227,67.6,14.6,3.7,7,1.6,11.6,43.7,8.4,3.5,5.9,26.8,63.7,56.3,25.6,10.6,7.5,37.1,47.5,44000
,05803604,05,Östergötlands läns landsting,0580,Linköping,Ryd 4 (Ryd NO),1196,130,76,16.1,4.2,7,3.5,13.7,37.4,10.4,3,4.7,30.7,61.5,40.9,28.8,15.7,14.5,25.9,45.2,104000
,05803605,05,Östergötlands läns landsting,0580,Linköping,Ryd 5 (Ryd mellersta),1141,269,64.4,26.5,5.7,12.6,2.3,19.6,16.2,7.7,1.7,7.7,47.1,43.5,91.1,8.9,0.1,0,27.1,66.6,7000
,05810101,05,Östergötlands läns landsting,0581,Norrköping,Uttersberg,1501,34,83.5,25.4,3.5,4.5,4.2,4.4,30.6,3.6,4.4,19.4,37.6,38.5,15,39.2,26.5,19.3,6.1,23.6,244000
,05810102,05,Östergötlands läns landsting,0581,Norrköping,Råssla,1562,19,86.7,28.3,2.5,5.4,5.6,5.4,25,3.4,3.6,20.8,41.9,33.7,14.2,37.9,24.3,23.6,4.8,31,242000
,05810103,05,Östergötlands läns landsting,0581,Norrköping,Kolmården-Kvarsebo,1502,40,83.2,26.9,6.8,4.4,5.7,7.7,23,4.8,3.2,17.5,43.8,35.6,10.6,37,27.5,25,7.3,28.4,233000
,05810104,05,Östergötlands läns landsting,0581,Norrköping,Hultdalen,1096,26,86.3,24.5,2.4,3.5,2.5,4.6,31.7,5.5,3.4,21.9,32.9,41.8,11.6,36.5,24.5,27.5,8,27.2,246000
,05810105,05,Östergötlands läns landsting,0581,Norrköping,Jursla,1425,37,86.1,30.5,3.8,5.7,3.6,4.5,20.4,4.4,3.2,24,43.5,29.2,13.4,39.2,23,24.4,7,35.9,254000
,05810106,05,Östergötlands läns landsting,0581,Norrköping,Åbymo,1247,61,76.9,15.9,2.3,3.2,2.8,5.5,35.6,5.3,7,22.3,24.2,46.5,20.4,33.6,21.2,24.8,11.7,20,196000
,05810107,05,Östergötlands läns landsting,0581,Norrköping,Åby Östra,1281,31,88.1,27.9,4.5,4,4,3.5,29.7,2.5,2.3,21.5,40.5,35.7,11,34,26.7,28.3,6.6,30.1,243000
,05810108,05,Östergötlands läns landsting,0581,Norrköping,Torshag-Simonstorp,1568,55,84.1,30.9,4,3.6,3.8,5.5,21.1,3.3,4.7,23.1,42.3,29.9,13.6,39.1,28,19.3,8.2,31.4,249000
,05810109,05,Östergötlands läns landsting,0581,Norrköping,Svärtinge Södra,1181,40,83.7,29.3,4.4,7.2,3,4.1,25.1,3,4.1,19.8,43.9,32.2,13.8,46.9,26.7,12.6,9.2,28.9,262000
,05810110,05,Östergötlands läns landsting,0581,Norrköping,Svärtinge Norra,1192,40,87.2,36.6,2.9,4.2,3.7,2.9,19.4,2.7,3.8,23.6,47.5,25.1,11.9,52,22.7,13.4,9.8,34.3,268000
,05810111,05,Östergötlands läns landsting,0581,Norrköping,Hallberga-Fiskeby,1346,23,87,28.2,1.8,5.3,4.4,4.2,24.3,3.6,3.2,25,39.7,32.1,13,35.9,26,25.1,9.7,30.9,245000
,05810112,05,Östergötlands läns landsting,0581,Norrköping,Pryssgården,1483,26,83.5,26.5,2.8,4.8,4.2,3.8,31,3.8,3.2,20,38.3,38.5,12.7,31,25.8,30.5,8.1,27.4,238000
,05810113,05,Östergötlands läns landsting,0581,Norrköping,Enebymo,1464,33,79.1,18.1,1.1,3.1,2.7,4.7,38.4,4.6,5.3,21.9,25,47.8,17.6,30.4,23.2,28.8,9.9,15.6,202000
,05810114,05,Östergötlands läns landsting,0581,Norrköping,Sandbyhov,1517,25,79.5,20.6,1.3,5.7,3.4,3.9,36.3,3.7,2.8,22.5,30.9,43.8,12.4,23.5,22.4,41.7,10.9,22.4,199000
,05810115,05,Östergötlands läns landsting,0581,Norrköping,Taborsberg,1532,50,82,20.5,1.5,4.6,4.4,6.2,29.1,5.2,4.1,24.5,30.9,40.4,22.7,30.2,24.3,22.8,12.6,26.9,221000
,05810116,05,Östergötlands läns landsting,0581,Norrköping,Hagaskolan,1558,104,74,16.6,1.7,3.7,2.9,5.9,39.1,5.9,5.7,18.5,24.9,50.9,30,28.8,19.8,21.4,19,19.7,192000
,05810117,05,Östergötlands läns landsting,0581,Norrköping,Hagagymnasiet,1523,81,67.8,16,1.2,2.4,2,5.6,41.4,5.2,6.2,19.9,21.6,52.3,33.5,29,18,19.5,17,13.8,173000
,05810118,05,Östergötlands läns landsting,0581,Norrköping,Marielund,1569,174,71.9,14.1,1.8,2.9,3.1,13.1,36.9,12,3.1,13,21.9,62,34.8,32.1,17.5,15.7,36.6,31.1,146000
,05810119,05,Östergötlands läns landsting,0581,Norrköping,Beckershov,1370,92,73,18.6,2,5.7,3.1,9.1,29.3,6.7,3.3,22.2,29.5,45,23.6,30.9,24.2,21.3,21.2,29.7,202000
,05810120,05,Östergötlands läns landsting,0581,Norrköping,Folkparken,1301,115,68.6,16.1,1.8,5,3.5,11.1,34.9,7.4,3,17,26.5,53.4,38.7,30.1,17.1,14.1,30.1,34.8,156000
,05810121,05,Östergötlands läns landsting,0581,Norrköping,Nordantill,1491,86,74.7,18.1,2.3,4.2,3,9.4,35,8.8,2.8,16.3,27.6,53.2,34,32.5,16.8,16.8,29.2,33.9,180000
,05810122,05,Östergötlands läns landsting,0581,Norrköping,Campus,1371,63,79.9,23.7,1.8,4.8,3.6,9,28.3,7.8,3.2,17.7,33.9,45.2,26.5,30.6,21.3,21.6,19,42.4,218000
,05810123,05,Östergötlands läns landsting,0581,Norrköping,Saltängen-Nordantill,1136,43,81,26.4,3,4.1,3.5,5.6,27.5,6.9,3.3,19.7,37,40,18.8,18.8,23.9,38.6,19.2,33.3,205000
,05810124,05,Östergötlands läns landsting,0581,Norrköping,Lagerlunda-Herstadberg,1213,35,82.5,19.4,2.9,3.6,2.5,5.7,34.1,5.1,3.1,23.4,28.5,45,15.5,33.4,29.7,21.4,13.9,23.8,236000
,05810125,05,Östergötlands läns landsting,0581,Norrköping,Rådhuset,1566,71,78.7,25.8,1.8,4.9,2.5,9,23.5,5.9,2.9,23.7,34.9,38.5,37.9,29.1,22,11.1,15.8,45.2,226000
,05810126,05,Östergötlands läns landsting,0581,Norrköping,Rosen,1043,38,80.2,28.8,1.5,4.7,3.9,6.8,23.4,8.4,2.8,19.7,38.9,38.6,27.1,29.5,20.2,23.1,20.1,40.2,220000
,05810127,05,Östergötlands läns landsting,0581,Norrköping,Generalen,1424,96,66.3,17.8,2.1,3.7,2.1,9.1,36.1,7.8,2.8,18.6,25.6,53,30.5,30.3,18,21.2,31.4,27.5,160000
,05810128,05,Östergötlands läns landsting,0581,Norrköping,Oxelbergen,1519,65,76.6,20.2,1.7,4.9,3.7,10.8,22.6,7,4,25.1,30.5,40.4,27.8,38.7,20.5,13,10.5,29.5,221000
,05810129,05,Östergötlands läns landsting,0581,Norrköping,Djäkneparken,1619,75,75.4,20.7,2.5,3.6,3.4,8.9,34,6.2,2.6,18.1,30.2,49.1,31.1,32.1,17.1,19.8,21.5,29.4,192000
,05810130,05,Östergötlands läns landsting,0581,Norrköping,Gustaf Adolf,1441,62,75.9,25.9,3.2,4,3.2,9.3,21.6,7.6,3.9,21.3,36.3,38.5,32.7,33.3,18.3,15.8,13.1,34.6,226000
,05810131,05,Östergötlands läns landsting,0581,Norrköping,City,1517,147,68,17.6,1.8,4.5,3.2,8.4,38,9.4,3.6,13.6,27,55.8,29.6,27.1,19.2,24.1,33.1,28.9,157000
,05810132,05,Östergötlands läns landsting,0581,Norrköping,Söderstaden Öster,1478,25,80.8,27.7,1.8,6.1,3.3,8.3,23.2,6.1,2.8,20.7,38.9,37.6,22.9,32.7,24.9,19.6,8.6,37.4,240000
,05810133,05,Östergötlands läns landsting,0581,Norrköping,Söderstaden Väster,1545,36,78.3,25.2,1.8,5.1,4.3,6.7,25.5,5.5,3,22.9,36.4,37.7,27.1,27.6,17.5,27.8,10.1,31.9,213000
,05810134,05,Östergötlands läns landsting,0581,Norrköping,Såpkullen,1337,29,83.4,24.6,1.4,4.8,5.2,4.3,32,4.3,2.7,20.7,36.1,40.5,14.1,17.4,24.5,44.1,9.5,28.8,210000
,05810135,05,Östergötlands läns landsting,0581,Norrköping,Berget,1532,115,70.8,20.5,2.2,4.2,2.5,14,26.4,7.2,3,20,29.5,47.6,41,29.2,16.4,13.4,23.9,37.1,148000
,05810136,05,Östergötlands läns landsting,0581,Norrköping,Dalen,1445,86,75.6,21.6,3.3,4.9,3.2,14.7,25.8,8.3,3,15.2,33,48.9,47.9,25.5,14.9,11.8,18.4,41.4,153000
,05810201,05,Östergötlands läns landsting,0581,Norrköping,Silverringen m fl,1524,117,77.3,18.4,1.8,3.5,4,5.8,37.6,6.2,3.9,18.7,27.8,49.6,19.6,38.2,25.4,16.8,30,21.9,196000
,05810202,05,Östergötlands läns landsting,0581,Norrköping,Guldringen m fl,1467,147,70.7,10.7,0.7,2.9,3.3,5.1,49.6,8.8,4.5,14.5,17.6,63.4,23.6,44.6,18.7,13,37.1,15.3,160000
,05810203,05,Östergötlands läns landsting,0581,Norrköping,Hageby-Mamre,1585,81,75,15.5,1.3,2.7,2.3,3.8,46.2,7.3,4.4,16.5,21.9,57.2,15.3,26.9,25.7,32.1,28.1,12.8,174000
,05810204,05,Östergötlands läns landsting,0581,Norrköping,Hageby-Vrinnevi,1751,218,69.6,12.9,0.7,2,3.3,5,51.1,8.9,3.9,12.2,18.8,65.1,21.6,33.6,23.9,20.8,44.2,16.3,147000
,05810205,05,Östergötlands läns landsting,0581,Norrköping,Hageby Norra,1456,321,57.6,6.7,0.8,2.9,1.9,4.8,60.5,8.6,3.8,9.8,12.4,73.9,24.2,32.1,19.7,24,53.9,13.6,108000
,05810206,05,Östergötlands läns landsting,0581,Norrköping,Hageby Centrum,1606,180,67.4,8.2,1.3,2.3,3.2,5.2,54.9,8.2,4.1,12.5,15,68.3,18.4,27.7,21.7,32.2,36.3,9.9,137000
,05810207,05,Östergötlands läns landsting,0581,Norrköping,Smedby,1447,17,87.4,28.7,1.9,5.9,3.6,4.8,21.3,2.9,2.7,28.1,40.1,29.1,10.4,29.8,27.2,32.6,7.2,29.9,241000
,05810208,05,Östergötlands läns landsting,0581,Norrköping,Brånnestad,1294,22,87.3,25.6,2.8,5.4,3.1,4.4,26.7,3,1.7,27.3,36.8,34.1,14.8,42.3,24.2,18.8,12.8,34.2,264000
,05810209,05,Östergötlands läns landsting,0581,Norrköping,Rambodal Södra,1062,15,89.8,25.3,2.4,5.5,3,4.8,30.2,1.8,2.2,24.8,36.2,36.8,13,41.7,28.4,16.9,9.6,31.8,267000
,05810210,05,Östergötlands läns landsting,0581,Norrköping,Rambodal Norra,1148,13,87,24.9,3,4.4,3.1,6.8,28.4,4,1.8,23.5,35.4,39.3,19.2,36.5,31.2,13.2,10.1,26.2,249000
,05810211,05,Östergötlands läns landsting,0581,Norrköping,Ljunga,1293,16,87.4,32.4,6.6,3.2,3.3,3.5,20.9,3,4.5,22.5,45.6,27.4,16,37.1,27.5,19.4,4,24.8,246000
,05810212,05,Östergötlands läns landsting,0581,Norrköping,Kuddby,1396,15,85.7,30.3,18.6,3.8,6.5,4.9,17.7,2.4,2.8,13,59.2,25,15.4,33.2,30.6,20.8,3.6,22.2,221000
,05810213,05,Östergötlands läns landsting,0581,Norrköping,Östra Husby,1480,16,85.1,25.3,15.7,3.6,7.2,3.9,19.1,2.3,3.9,18.9,51.9,25.3,14.7,31.2,26.4,27.7,3.5,23.9,223000
,05810214,05,Östergötlands läns landsting,0581,Norrköping,Kättinge,1239,26,82,24.5,20.3,3.6,7.8,4,16,4.1,4,15.8,56.2,24,13,23.3,34.9,28.7,4.5,20.7,208000
,05810215,05,Östergötlands läns landsting,0581,Norrköping,Lindö Östra,1287,32,91.2,50.6,2.3,5.2,3.5,2.8,12.2,1.8,1,20.5,61.6,16.8,12.8,36.3,28,22.8,9.6,43.6,292000
,05810216,05,Östergötlands läns landsting,0581,Norrköping,Lindö Västra,966,8,90.8,43.2,2.5,8.1,4.2,4.1,14.5,1.3,2.1,20,58.1,19.8,12.3,38.2,21.3,28.2,8.3,42.8,276000
,05810217,05,Östergötlands läns landsting,0581,Norrköping,Långtorp-Berga,1387,33,89.8,46.8,1.9,7.8,3.5,2.5,14.6,1,1.3,20.6,60,18.1,11.5,36.9,27.3,24.4,10,40.2,282000
,05810218,05,Östergötlands läns landsting,0581,Norrköping,Ljura,1594,134,70.8,10.9,1.4,2.2,2.5,5,46.5,7.1,5,19.3,17,58.7,24.3,34.5,18.4,22.7,24.8,16.9,159000
,05810219,05,Östergötlands läns landsting,0581,Norrköping,Vasastan-Söderport,1223,18,81.4,20.5,2.4,4.1,3.6,7.4,29.4,6,4.3,22.3,30.6,42.8,22.5,25.9,23.1,28.5,9.1,28.5,219000
,05810220,05,Östergötlands läns landsting,0581,Norrköping,Klingsberg,1532,35,84.1,21.7,1.4,3.9,3.7,6.6,28.7,6.6,4.1,23.3,30.7,41.9,22.4,29.1,22.8,25.7,11.3,30,205000
,05810221,05,Östergötlands läns landsting,0581,Norrköping,Ektorp Södra,1618,22,85.7,17,1.6,3.3,3,3.7,39.9,4.5,3.2,23.8,24.9,48.1,13.5,22,31.3,33.2,10.1,22.2,233000
,05810222,05,Östergötlands läns landsting,0581,Norrköping,Ektorp Norra,1529,97,70.5,11.2,1,3.5,1.9,5.6,41.3,8.5,5.8,21.1,17.6,55.5,26.4,36,19.5,18.1,21.6,16.8,169000
,05810223,05,Östergötlands läns landsting,0581,Norrköping,Kneippen,1425,35,86.4,35.5,3.1,6.9,3.6,6.5,17.5,3.1,2.2,21.5,49.1,27.2,14.7,33.7,26.7,24.9,8.3,42.4,257000
,05810224,05,Östergötlands läns landsting,0581,Norrköping,Skarphagen,1391,19,87.2,25.5,2.2,4.8,3.9,4.2,28,4.2,2.7,24.3,36.5,36.4,14.4,26.7,26.5,32.4,9,30.3,227000
,05810225,05,Östergötlands läns landsting,0581,Norrköping,Kättsätter-Kårtorp,1466,21,88.3,28.2,3.6,4.6,6.4,3.8,22,2,1.9,27.5,42.8,27.9,10.4,37.5,26,26.1,5.7,30.9,261000
,05810226,05,Östergötlands läns landsting,0581,Norrköping,Vilbergen Norra,1335,61,75.7,17.1,2.3,2.4,3.8,3.5,42.4,3.3,4.8,20.3,25.7,49.2,12.7,22.9,20.5,43.9,12.3,13.2,176000
,05810227,05,Östergötlands läns landsting,0581,Norrköping,Vilbergen Södra,1321,24,82.9,14.4,1.9,2.4,3.5,4.1,40.9,4.6,4.7,23.5,22.2,49.5,9.6,20,24.1,46.3,9.3,13.2,189000
,05810228,05,Östergötlands läns landsting,0581,Norrköping,Vilbergen Västra,1216,26,82.6,14.2,0.9,3.1,3.2,4.2,40.5,3.9,3.1,26.7,21.4,48.7,13.5,27.1,24.1,35.4,8.3,15.5,207000
,05810229,05,Östergötlands läns landsting,0581,Norrköping,Klockaretorpet-Skarphagen,1136,38,79.7,18.7,1.7,3.4,2.2,6.4,34.7,5,4.9,23,25.9,46.1,19.5,32.1,25.9,22.4,12.2,22.9,218000
,05810230,05,Östergötlands läns landsting,0581,Norrköping,Klockaretorpet Norra,1649,132,75.6,11.5,1.1,2.1,3.8,4.1,46.3,5.5,6.3,19.3,18.5,56,22.3,43.8,23.2,10.7,29,18.3,190000
,05810231,05,Östergötlands läns landsting,0581,Norrköping,Klockaretorpet-Borg m fl,1858,66,82.1,24.5,2.2,3.6,3.1,5,35.9,4.6,3.1,17.9,33.4,45.5,16.9,38.8,27.8,16.5,17.1,26.2,241000
,05810232,05,Östergötlands läns landsting,0581,Norrköping,Kullerstad-Vickelby,1483,16,85.4,20.4,4.4,3.2,4.3,3.7,43.3,3.5,3.1,14,32.3,50.5,13.7,32.4,25.4,28.5,5.9,16.6,230000
,05810233,05,Östergötlands läns landsting,0581,Norrköping,Mosstorp,1586,44,81.1,20.1,3.4,4.3,3.2,2.7,41.5,5.1,5.5,14.2,31,49.2,16,34.6,23.8,25.7,8.5,15.5,216000
,05810234,05,Östergötlands läns landsting,0581,Norrköping,Vånga,1263,27,83.1,18,13.6,4,8.6,4,28.5,3.7,6.3,13.3,44.2,36.2,15,36,29.1,19.8,5.3,20.3,234000
,05810235,05,Östergötlands läns landsting,0581,Norrköping,Kimstad,1353,21,87.1,23.5,5,4.5,3.2,3.2,37,3.5,5.6,14.5,36.3,43.7,15.2,36.7,26.2,21.9,6.1,24,239000
,05810236,05,Östergötlands läns landsting,0581,Norrköping,Norsholm-Skärkind,1112,23,84.1,28.2,10.7,4.8,5.2,6.9,20.5,3,3.7,16.9,49,30.4,14.6,41.6,27.3,16.5,6.1,27.9,239000
,05820101,05,Östergötlands läns landsting,0582,Söderköping,S:t Laurentii,1467,20,80.8,31.1,6.5,6,5.2,5.1,24.4,3.6,2.3,15.8,48.8,33.2,15.3,25.6,25.6,33.5,5.5,28.7,219000
,05820102,05,Östergötlands läns landsting,0582,Söderköping,Bossgård,1321,19,79.5,25.5,7,4.7,4.7,7.1,27.2,6.6,2.8,14.4,41.8,41,16.3,23.8,23,36.9,4.5,24.9,202000
,05820103,05,Östergötlands läns landsting,0582,Söderköping,Alboga,1180,28,76.6,19.6,5.9,4.4,5.4,6.8,33,5.8,2.3,16.8,35.4,45.6,17.6,37,18.8,26.5,6.1,21.8,205000
,05820201,05,Östergötlands läns landsting,0582,Söderköping,Drothem,1570,22,86.2,27.2,9.6,5.6,7.1,8.1,21,2.5,2.8,16.2,49.5,31.6,13.9,35.8,31.9,18.4,4.2,29.7,252000
,05820301,05,Östergötlands läns landsting,0582,Söderköping,Skönberga,1457,23,83.1,24.9,9,3.9,4,3.7,32,3.5,4,14.9,41.8,39.2,16.1,31.2,28.8,24,5.6,20.7,221000
,05820401,05,Östergötlands läns landsting,0582,Söderköping,Västra Husby-Gårdeby,1415,30,81.3,28.3,7.5,4.6,2.9,4.3,26,3.5,4.8,18.2,43.4,33.7,11.8,37.7,29.4,21.1,5.6,23,241000
,05820601,05,Östergötlands läns landsting,0582,Söderköping,Östra Ryd,829,8,82.3,20.4,15.9,4.1,9.8,6.5,23,3.9,2.4,14,50.2,33.4,16.5,34.9,24.8,23.8,3.3,22.2,213000
,05820701,05,Östergötlands läns landsting,0582,Söderköping,Skällvik-Mogata,1112,17,81.8,27.8,12.2,4.4,3.6,4.7,22.4,3.1,4.6,17.2,48,30.3,13,30.2,32.7,24,4.8,20.8,213000
,05820801,05,Östergötlands läns landsting,0582,Söderköping,Sankt Anna-Börrum,729,8,80.2,32.8,18.2,6.1,6.7,2.5,17.2,2.5,3,11.1,63.9,22.1,5.5,19.3,32.6,42.5,3,22.9,188000
,05830101,05,Östergötlands läns landsting,0583,Motala,Gamla Stan-Tegelviken,1982,55,78,25.2,2.4,5.9,5.1,3.1,47.6,3.5,3.1,4.1,38.6,54.2,8.6,16.2,20.8,54.4,13.8,19.8,170000
,05830102,05,Östergötlands läns landsting,0583,Motala,Centrum,1939,42,81.9,31.6,2.9,9.3,5.5,5.9,33.1,5,3.5,3.2,49.4,44,20.4,28.1,23.5,28.1,7.4,28.5,216000
,05830103,05,Östergötlands läns landsting,0583,Motala,Väster,1746,115,74.1,12.9,0.8,3.5,2.8,3.3,64.6,5.4,4.9,1.8,20,73.3,20.6,31.8,25.8,21.8,28,13.4,165000
,05830104,05,Östergötlands läns landsting,0583,Motala,Marieberg-Råssnäs,1718,25,84.2,24.1,2.2,6.5,4.7,3.3,49.7,4.2,3,2.3,37.5,57.2,14.5,28.5,26.5,30.5,9.7,20.9,222000
,05830106,05,Östergötlands läns landsting,0583,Motala,Bergsätter,1804,25,84.4,22.6,2.3,7.6,3.4,3.8,47.8,5.8,2.7,3.8,36,57.5,14.7,35,28.4,21.8,6.7,22.7,240000
,05830107,05,Östergötlands läns landsting,0583,Motala,Borenshult,2076,50,85,22.7,3.5,6.7,3.2,7,43.5,6.8,3.9,2.7,36.2,57.3,16.8,37.4,26.1,19.8,7.6,24.5,240000
,05830108,05,Östergötlands läns landsting,0583,Motala,Bråstorp-Bromma,2035,23,87.1,25.4,2,8.4,3.2,4.3,48,4.1,1.9,2.6,39,56.5,14.3,32.3,30.6,22.9,5.8,20.5,240000
,05830109,05,Östergötlands läns landsting,0583,Motala,Söder,1761,37,83.5,24.2,2.1,6.6,4.1,4.8,46.7,4.7,4.1,2.7,37,56.2,14.7,34.9,29,21.5,9.5,20.1,238000
,05830111,05,Östergötlands läns landsting,0583,Motala,Charlottenborg,1791,121,77.5,12.3,1,4.3,4.6,3.8,57.9,8.4,5.1,2.6,22.2,70.1,19.8,32.5,23.9,23.8,24.7,16.9,187000
,05830112,05,Östergötlands läns landsting,0583,Motala,Holm,1795,60,81.4,19,3.6,5.8,3.8,3.3,51.2,6.7,4,2.7,32.1,61.2,13.5,33.4,24.2,29,12.3,16.8,210000
,05830113,05,Östergötlands läns landsting,0583,Motala,Mossen,1934,43,78.2,18.6,2.8,4.6,3.1,5.4,52.3,6.3,4.5,2.6,29.1,63.9,23.7,32.6,22.3,21.3,13.4,16.9,205000
,05830115,05,Östergötlands läns landsting,0583,Motala,Ekön,1752,104,75.7,10,1.4,3.2,3,4,62.7,6.3,5.5,3.9,17.6,73.1,21.8,31.7,19.2,27.3,19.3,13.5,167000
,05830116,05,Östergötlands läns landsting,0583,Motala,Brunnsvik,1822,41,80.6,22,2.1,7.3,3.3,6.8,45.8,6.5,3.6,2.7,34.7,59.1,22,31.3,20.8,25.9,8.5,20.5,210000
,05830301,05,Östergötlands läns landsting,0583,Motala,Västra Ny,1253,21,84,25,7.7,4.7,5.1,6,37.9,5.4,5.1,2.9,42.6,49.3,11.9,27.2,32.5,28.4,5.5,19.1,233000
,05830401,05,Östergötlands läns landsting,0583,Motala,Godegård,577,15,79.5,12.5,20.8,4.5,7.8,5.8,33.5,8.3,3.8,3.1,45.5,47.5,13.5,29.3,30.8,26.3,6.3,15.8,192000
,05830501,05,Östergötlands läns landsting,0583,Motala,Kristberg,602,15,81.7,30.1,9.5,8.7,4.4,5.4,26.3,6.6,5.6,3.3,52.7,38.4,14.1,28.2,35.7,21.9,4.5,23.1,220000
,05830601,05,Östergötlands läns landsting,0583,Motala,Brunneby 1,1476,21,86.4,25.3,8.4,8.9,7,4.7,35.2,4.6,2.8,3,49.6,44.5,12.6,28.2,26,33.2,4.3,29.9,231000
,05830602,05,Östergötlands läns landsting,0583,Motala,Brunneby 2,1044,23,86.8,28.5,9,7.8,6.7,5.5,29.5,5.3,4.9,2.8,52,40.3,15.6,35.8,27.2,21.4,5.4,31.9,228000
,05830701,05,Östergötlands läns landsting,0583,Motala,Klockrike,518,7,87.5,28,10.1,4.9,4,6.7,31.1,7.6,5.4,2.2,47,45.4,16.2,41.5,21.6,20.7,4.1,24.6,226000
,05830801,05,Östergötlands läns landsting,0583,Motala,Fornåsa-Älvestad,777,6,85.7,25.8,8,4,9.6,3.1,37.2,3.6,6.6,2,47.4,43.9,13.9,38.9,26.3,21,3,18.2,221000
,05831001,05,Östergötlands läns landsting,0583,Motala,Ask-Ekebyborna-Lönsås,821,22,84.8,25.5,10.6,4.4,3.1,5.9,38.4,4.9,4.3,2.9,43.6,49.2,15.5,38.9,29.1,16.6,5.2,21.1,227000
,05832201,05,Östergötlands läns landsting,0583,Motala,Tjällmo,881,19,83.5,21.6,16.6,5.8,5.7,3.3,37.2,4.2,2.8,2.8,49.7,44.7,12,31,27.2,29.7,4.9,14.7,195000
,05832301,05,Östergötlands läns landsting,0583,Motala,Varv/Styra-V Stenby-Fivelst,1093,22,81.9,24.8,9,8.4,5.5,3,37.9,4.4,4.5,2.4,47.7,45.4,16.7,34,31.8,17.5,6,20.1,220000
,05840101,05,Östergötlands läns landsting,0584,Vadstena,Innerstaden,1170,21,87,34.4,5.5,9.9,9.5,8.1,24.3,3.9,2.9,1.5,59.3,36.3,11.9,21.6,24.5,42,5.6,34.3,218000
,05840102,05,Östergötlands läns landsting,0584,Vadstena,Kvissberg, Borgmästarområdet mfl,1199,31,82.2,17.8,3.4,6.7,5,4.8,52.3,3.7,4.1,2.2,32.9,60.8,14.1,23.4,25.4,37.1,6.4,15.8,205000
,05840103,05,Östergötlands läns landsting,0584,Vadstena,Gamla Söder-Nya Söder-Hertingen mfl,1368,37,87,26.3,2.8,4.9,5.5,6.8,44,4.1,3.7,1.8,39.5,54.9,13.5,36.3,29.9,20.3,7.5,22,244000
,05840105,05,Östergötlands läns landsting,0584,Vadstena,Birgitta, Haga, Hagebyhöga, Hov mfl,1411,23,85.3,30.8,8.9,7.3,6,5.8,30.8,4.2,4.1,2,53.1,40.8,13.2,25,27.1,34.7,5.7,28,219000
,05840301,05,Östergötlands läns landsting,0584,Vadstena,Borghamn, Skedet, Rogslösa mfl,929,38,82.1,30,13.9,7.8,7.4,5.9,25.7,3.2,3.9,2.1,59.1,34.9,13.3,26.9,26.4,33.4,7.3,27.7,191000
,05860101,05,Östergötlands läns landsting,0586,Mjölby,Mjölby 1,1147,23,80.3,13.9,4.3,5.8,4.7,4,54.6,5.1,3.1,4.6,28.7,63.7,14.6,17.5,18.7,49.1,8.3,13,180000
,05860102,05,Östergötlands läns landsting,0586,Mjölby,Mjölby 2,1120,34,80,15.4,3.4,4.5,3.4,4.9,55.2,6.6,3.3,3.4,26.7,66.6,17.4,26,19.6,37.1,13.1,12.8,185000
,05860103,05,Östergötlands läns landsting,0586,Mjölby,Mjölby 3,1336,43,76.2,23.8,3.1,6,6.4,4.3,43.3,6.4,3.2,3.4,39.3,54.1,15.3,29.3,24.4,30.9,10.1,18.2,201000
,05860104,05,Östergötlands läns landsting,0586,Mjölby,Mjölby 4,1167,58,72.8,23.3,7.1,4.8,5.2,4.8,43.3,4.4,4.2,3,40.3,52.5,17.7,39.8,25.7,16.8,19.3,24.2,192000
,05860105,05,Östergötlands läns landsting,0586,Mjölby,Mjölby 5,1646,29,80.3,22.1,3.9,7.5,6.8,5.7,43.3,4.3,3.4,2.9,40.3,53.4,18.7,30.1,23.4,27.8,7.8,22.5,219000
,05860106,05,Östergötlands läns landsting,0586,Mjölby,Mjölby 6,1169,17,76.1,20.9,3.7,8.5,4.7,8.9,39.2,8.4,2.7,3,37.8,56.5,29.7,27.3,17.8,25.2,5,20.5,202000
,05860107,05,Östergötlands läns landsting,0586,Mjölby,Mjölby 7,1639,17,86.4,28.3,4.1,6.8,6.1,6.1,37.5,5.4,3,2.5,45.4,49,19.7,37.9,25.8,16.6,5.1,26.8,248000
,05860201,05,Östergötlands läns landsting,0586,Mjölby,Högby,1427,31,82.5,22.5,6.1,5.1,3.8,4.4,45.5,5.1,3,4.5,37.5,55,14.1,30.4,28.5,27,7.1,17.8,222000
,05860301,05,Östergötlands läns landsting,0586,Mjölby,Skänninge 1,1120,18,81.7,17.3,5.9,3.8,6.5,4.3,50.3,4.7,2.5,4.7,33.6,59.3,13.5,33.5,20.2,32.9,4.7,13.4,200000
,05860302,05,Östergötlands läns landsting,0586,Mjölby,Skänninge 2,943,30,80.8,31.5,12.3,4.4,4.2,2.9,32.3,5.4,4.7,2.3,52.4,40.6,15.9,34.4,26.6,23.1,5.7,22.3,222000
,05860303,05,Östergötlands läns landsting,0586,Mjölby,Skänninge 3,1007,27,80.1,17.3,7.2,4.2,5.7,3.8,50.4,4.2,3.7,3.7,34.3,58.3,18.3,28.5,24.5,28.7,5.7,12.7,200000
,05860701,05,Östergötlands läns landsting,0586,Mjölby,Herrb-Norml-Skepps-Vallerst,744,15,83.7,34.4,13.3,5.4,7.7,7.7,19,4.7,4.6,3.3,60.7,31.4,17.5,36.6,29.6,16.4,4.7,30.5,229000
,05861001,05,Östergötlands läns landsting,0586,Mjölby,Appuna-Hogst-Kumla-Väderst,1248,16,84.9,29.1,13.4,4.8,7.7,4,33.2,3.4,2.7,1.7,55,40.5,12.5,33.2,28.3,26,3.4,18.1,217000
,05861401,05,Östergötlands läns landsting,0586,Mjölby,Sya-V Harg-Ö Tollstad,1239,20,84.5,24.5,12.5,8,6.2,6,28.8,6.4,3.9,3.7,51.2,41.2,15.5,38.5,27,19,3.6,23.3,224000
,05861701,05,Östergötlands läns landsting,0586,Mjölby,Viby,1588,27,80.5,24.2,6.7,13.4,5.9,4.6,34.3,3.8,4.4,2.7,50.2,42.7,14.7,36.9,23.9,24.4,4.1,22.3,233000
,05861801,05,Östergötlands läns landsting,0586,Mjölby,Veta,1791,18,84.2,24.9,5.2,13.2,5.7,4.7,36.2,2.8,3.8,3.4,49.1,43.7,13.6,39.3,27.7,19.4,4,25.8,253000
